id,level,segment_1,segment_2,segment_3,segment_4,segment_5,segment_6,segment_7,segment_8,accepted_orders,speech_1,speech_2,speech_3,speech_4,speech_5,speech_6,speech_7,speech_8,speech_instruction_1,speech_instruction_2,speech_instruction_3,speech_instruction_4,speech_instruction_5,speech_instruction_6,speech_instruction_7,speech_instruction_8,notes,active,full_speech,full_speech_instruction,accepted_order_sentences
sv_a1_001,A1,"hej,",jag,heter,Erik.,,,,,1-2-3-4,,,,,,,,,,,,,,,,,grammatik: Hälsning och presentation; tema: presentation; huvudverb: heta; CEFR: Mycket grundläggande presentationsfras med vanliga ord och enkel struktur.,TRUE
sv_a1_002,A1,vad,heter,du?,,,,,,1-2-3,,,,,,,,,,,,,,,,,"grammatik: Frågeord, verb och subjekt; tema: presentation; huvudverb: heta; CEFR: Central A1-fråga för att inleda kontakt.",TRUE
sv_a1_003,A1,jag,kommer,från,Syrien.,,,,,1-2-3-4|3-4-2-1,,,,,,,,,,,,,,,,,"grammatik: Subjekt, verb och ursprungsfras; tema: presentation; huvudverb: komma; CEFR: Vanlig presentationsmening med konkret information om ursprung.",TRUE
sv_a1_004,A1,var,bor,du?,,,,,,1-2-3,,,,,,,,,,,,,,,,,"grammatik: Frågeord, verb och subjekt; tema: presentation; huvudverb: bo; CEFR: Kort och vanlig fråga med enkel ordföljd.",TRUE
sv_a1_005,A1,jag,bor,i Malmö.,,,,,,1-2-3|3-2-1,,,,,,,,,,,,,,,,,"grammatik: Subjekt, verb och platsfras; tema: presentation; huvudverb: bo; CEFR: Enkel uppgift om bostadsort med mycket frekvent verb.",TRUE
sv_a1_006,A1,hur,mår,du?,,,,,,1-2-3,,,,,,,,,,,,,,,,,grammatik: Frågeord och verbfras; tema: hälsning; huvudverb: må; CEFR: Mycket vanlig hälsningsfråga på nybörjarnivå.,TRUE
sv_a1_007,A1,jag,mår,bra.,,,,,,1-2-3,,,,,,,,,,,,,,,,,"grammatik: Subjekt, verb och adjektiv; tema: hälsning; huvudverb: må; CEFR: Kort standardsvar med vanlig social funktion.",TRUE
sv_a1_008,A1,tack,så,mycket.,,,,,,1-2-3,,,,,,,,,,,,,,,,,grammatik: Fast artighetsfras; tema: artighet; huvudverb: saknas; CEFR: Mycket vanlig kommunikativ fras utan syntaktisk komplexitet.,TRUE
sv_a1_009,A1,"varsågod,",här,är,kaffet.,,,,,1-2-3-4,,,,,,,,,,,,,,,,,grammatik: Artighetsfras och enkel huvudsats; tema: artighet; huvudverb: vara; CEFR: Naturlig vardagsfras med konkret substantiv och enkel ordföljd.,TRUE
sv_a1_010,A1,"förlåt,",jag,är,sen.,,,,,1-2-3-4,,,,,,,,,,,,,,,,,grammatik: Artighetsfras och predikativ; tema: artighet; huvudverb: vara; CEFR: Vanlig social fras med enkel självbeskrivning.,TRUE
sv_a1_011,A1,jag,förstår,inte.,,,,,,1-2-3,,,,,,,,,,,,,,,,,grammatik: Rak huvudsats med negation; tema: kommunikation; huvudverb: förstå; CEFR: Nödvändig A1-fras för missförstånd och klassrumssituationer.,TRUE
sv_a1_012,A1,kan,du,hjälpa,mig?,,,,,1-2-3-4,,,,,,,,,,,,,,,,,grammatik: Ja-nej-fråga med modalverb; tema: hjälp; huvudverb: hjälpa; CEFR: Mycket användbar hjälpfras med vanligt pronomenobjekt.,TRUE
sv_a1_013,A1,jag,vill,ha,lite,vatten.,,,,1-2-3-4-5,,,,,,,,,,,,,,,,,"grammatik: Subjekt + modal vilja + verbfras med kvantitetsord; tema: mat, dryck och behov; huvudverb: vilja ha; CEFR: Mycket vanlig behovsfras med enkel struktur och ett kort kvantitetsord.",TRUE
sv_a1_014,A1,vill,du,ha,lite,te?,,,,1-2-3-4-5,,,haa,,,,,,,,,,,,,,"grammatik: Ja/nej-fråga med vilja ha och kvantitetsord; tema: mat, dryck och social kontakt; huvudverb: vilja ha; CEFR: Naturlig enkel erbjudandefras med rak nybörjargrammatik.",TRUE
sv_a1_015,A1,jag,är,hungrig.,,,,,,1-2-3|3-2-1,,,,,,,,,,,,,,,,,"grammatik: Subjekt, vara och adjektiv; tema: hälsa och känsla; huvudverb: vara; CEFR: Basal självbeskrivning med vanligt adjektiv.",TRUE
sv_a1_016,A1,det,är,mycket,kallt,ute.,,,,1-2-3-4-5|5-2-1-3-4|3-4-2-1-5,,,,,,,,,,,,,,,,,grammatik: Formellt subjekt + vara + gradadjektiv + platsadverbial; tema: väder; huvudverb: vara; CEFR: Vanlig väderfras med mycket enkla ord och tydlig huvudsats.,TRUE
sv_a1_017,A1,det,regnar,nu.,,,,,,1-2-3|3-2-1,,,,,,,,,,,,,,,,,grammatik: Formellt subjekt och tidsadverb; tema: väder; huvudverb: regna; CEFR: Kort konkret vädermening i presens.,TRUE
sv_a1_018,A1,solen,skiner,idag.,,,,,,1-2-3|3-2-1,,,,,,,,,,,,,,,,,"grammatik: Subjekt, verb och tid; tema: väder; huvudverb: skina; CEFR: Enkel huvudsats med konkret vardagsord.",TRUE
sv_a1_019,A1,vi,äter,frukost.,,,,,,1-2-3|3-2-1,,,,,,,,,,,,,,,,,"grammatik: Subjekt, verb och objekt; tema: mat och rutiner; huvudverb: äta; CEFR: Vanlig vardagshandling med rak ordföljd.",TRUE
sv_a1_020,A1,hon,dricker,mjölk.,,,,,,1-2-3|3-2-1,,,,,,,,,,,,,,,,,"grammatik: Subjekt, verb och objekt; tema: mat och dryck; huvudverb: dricka; CEFR: Konkret handling med mycket vanligt verb och substantiv.",TRUE
sv_a1_021,A1,han,lagar,mat.,,,,,,1-2-3|3-2-1,,,,,,,,,,,,,,,,,"grammatik: Subjekt, verb och objekt; tema: hem och mat; huvudverb: laga; CEFR: Kort vardagsmening med naturligt verbobjekt.",TRUE
sv_a1_022,A1,du,läser,boken.,,,,,,1-2-3|3-2-1,,,,,,,,,,,,,,,,,"grammatik: Subjekt, verb och bestämt objekt; tema: fritid; huvudverb: läsa; CEFR: Enkel presenssats med konkret objekt.",TRUE
sv_a1_023,A1,kan,du,skriva,ditt,namn?,,,,1-2-3-4-5,,,,,,,,,,,,,,,,,grammatik: Ja/nej-fråga med modalt hjälpverb och possessivt pronomen; tema: kommunikation och ärenden; huvudverb: skriva; CEFR: Mycket användbar vardagsfråga med vanligt verb och enkelt objekt.,TRUE
sv_a1_024,A1,min,telefon,ringer.,,,,,,1-2-3,,,,,,,,,,,,,,,,,"grammatik: Possessivt pronomen, subjekt och verb; tema: digitalt liv; huvudverb: ringa; CEFR: Kort vardaglig observation med konkret substantiv.",TRUE
sv_a1_025,A1,barnet,sover,nu.,,,,,,1-2-3|3-2-1,,,,,,,,,,,,,,,,,grammatik: Bestämt subjekt och tidsadverb; tema: hem och familj; huvudverb: sova; CEFR: Enkel presenssats med vanligt vardagsverb.,TRUE
sv_a1_026,A1,katten,sitter,i,fönstret.,,,,,1-2-3-4|3-4-2-1,,,,,,,,,,,,,,,,,"grammatik: Subjekt, verb och platsfras; tema: hem och djur; huvudverb: sitta; CEFR: Konkret platsbeskrivning med mycket enkel syntax.",TRUE
sv_a1_027,A1,hunden,väntar,vid,dörren.,,,,,1-2-3-4|3-4-2-1,,,,,,,,,,,,,,,,,"grammatik: Subjekt, verb och platsfras; tema: hem och djur; huvudverb: vänta; CEFR: Naturlig vardagsmening med konkret plats.",TRUE
sv_a1_028,A1,vi,öppnar,fönstret.,,,,,,1-2-3|3-2-1,,,,,,,,,,,,,,,,,"grammatik: Subjekt, verb och bestämt objekt; tema: hem; huvudverb: öppna; CEFR: Konkret handling i enkel huvudsats.",TRUE
sv_a1_029,A1,jag,stänger,dörren.,,,,,,1-2-3|3-2-1,,,,,,,,,,,,,,,,,"grammatik: Subjekt, verb och bestämt objekt; tema: hem; huvudverb: stänga; CEFR: Kort och konkret A1-mening med vanligt verb.",TRUE
sv_a1_030,A1,nyckeln,ligger,på,bordet.,,,,,1-2-3-4|3-4-2-1,,,,,,,,,,,,,,,,,"grammatik: Subjekt, verb och platsfras; tema: hem; huvudverb: ligga; CEFR: Vanlig sak- och platsbeskrivning med enkel struktur.",TRUE
sv_a1_031,A1,bussen,kommer,snart.,,,,,,1-2-3|3-2-1,,,,,,,,,,,,,,,,,"grammatik: Subjekt, verb och tidsadverb; tema: kollektivtrafik; huvudverb: komma; CEFR: Praktisk vardagsmening med konkret transportord.",TRUE
sv_a1_032,A1,jag,går,till,jobbet.,,,,,1-2-3-4|3-4-2-1,,,,,,,,,,,,,,,,,"grammatik: Subjekt, rörelseverb och mål; tema: arbete; huvudverb: gå; CEFR: Enkel rörelsemening med mycket vanlig platsfras.",TRUE
sv_a1_033,A1,vi,ses,på måndag.,,,,,,1-2-3|3-2-1,,,,,,,,,,,,,,,,,"grammatik: Pronomen, verb och tid; tema: social kontakt; huvudverb: ses; CEFR: Vanlig social fras med enkel tidsangivelse.",TRUE
sv_a1_034,A1,klockan,är,åtta.,,,,,,1-2-3,,,,,,,,,,,,,,,,,"grammatik: Subjekt, vara och tal; tema: tid; huvudverb: vara; CEFR: Grundläggande tidsfras för nybörjare.",TRUE
sv_a1_035,A1,har,ni,öppet,nu?,,,,,1-2-3-4,,,,,,,,,,,,,,,,,grammatik: Ja-nej-fråga med ha; tema: ärenden; huvudverb: ha; CEFR: Mycket användbar servicefråga med enkel struktur.,TRUE
sv_a1_036,A1,det,kostar,femtio kronor.,,,,,,1-2-3|3-2-1,,,,,,,,,,,,,,,,,"grammatik: Formellt subjekt, verb och pris; tema: ekonomi och butik; huvudverb: kosta; CEFR: Vanlig köpfras med konkret belopp.",TRUE
sv_a1_037,A1,jag,betalar,med,kort.,,,,,1-2-3-4|3-4-2-1,,,,,,,,,,,,,,,,,"grammatik: Subjekt, verb och medel; tema: ekonomi och butik; huvudverb: betala; CEFR: Praktisk vardagsmening i butikssituation.",TRUE
sv_a1_038,A1,kvittot,ligger,i påsen.,,,,,,1-2-3|3-2-1,,,,,,,,,,,,,,,,,"grammatik: Subjekt, verb och platsfras; tema: butik; huvudverb: ligga; CEFR: Konkret och kort sakbeskrivning.",TRUE
sv_a1_039,A1,jag,söker,Maria.,,,,,,1-2-3,,,,,,,,,,,,,,,,,"grammatik: Subjekt, verb och namn; tema: arbete och kontakt; huvudverb: söka; CEFR: Enkel kontaktfras som fungerar i reception eller telefon.",TRUE
sv_a1_040,A1,hon,väntar,här.,,,,,,1-2-3|3-2-1,,,,,,,,,,,,,,,,,"grammatik: Subjekt, verb och platsadverb; tema: social kontakt; huvudverb: vänta; CEFR: Kort presenssats med vanligt verb och adverb.",TRUE
sv_a1_041,A1,vi,pratar,svenska.,,,,,,1-2-3|3-2-1,,,,,,,,,,,,,,,,,"grammatik: Subjekt, verb och objekt; tema: kommunikation; huvudverb: prata; CEFR: Mycket användbar språkfras på nybörjarnivå.",TRUE
sv_a1_042,A1,kan,du,säga,det,igen?,,,,1-2-3-4-5,,,,,,,,,,,,,,,,,"grammatik: Ja/nej-fråga med modalt hjälpverb, objekt och tidsadverbial; tema: kommunikation; huvudverb: säga; CEFR: Central kommunikativ fras för nybörjare som inte uppfattar något första gången.",TRUE
sv_a1_043,A1,kan,du,upprepa?,,,,,,1-2-3,,,,,,,,,,,,,,,,,grammatik: Ja-nej-fråga med modalverb; tema: kommunikation; huvudverb: upprepa; CEFR: Kort reparationsfras som hjälper eleven i samtal.,TRUE
sv_a1_044,A1,jag,behöver,en,röd,penna.,,,,1-2-3-4-5|3-4-5-2-1,,,,,,,,,,,,,,,,,grammatik: Subjekt + verb + obestämd nominalfras med adjektiv; tema: skola och ärenden; huvudverb: behöva; CEFR: Konkret behovsfras med enkel nominalfras och vanligt färgadjektiv.,TRUE
sv_a1_045,A1,här,är,min adress.,,,,,,1-2-3|3-2-1,,,,,,,,,,,,,,,,,"grammatik: Platsadverb, vara och possessiv; tema: ärenden; huvudverb: vara; CEFR: Vanlig informationsfras med enkel ordföljd.",TRUE
sv_a1_046,A1,min,syster,bor,här.,,,,,1-2-3-4|4-3-1-2,,,,,,,,,,,,,,,,,"grammatik: Possessivt pronomen, subjekt och platsadverb; tema: familj; huvudverb: bo; CEFR: Enkel familjeuppgift med konkret vardagsord.",TRUE
sv_a1_047,A1,din jacka,är,fin.,,,,,,1-2-3|3-2-1,,,,,,,,,,,,,,,,,grammatik: Possessivt pronomen och adjektiv; tema: kläder; huvudverb: vara; CEFR: Kort beskrivning med vanlig nominalfras och adjektiv.,TRUE
sv_a1_048,A1,jag,gillar,musik.,,,,,,1-2-3|3-2-1,,,,,,,,,,,,,,,,,"grammatik: Subjekt, verb och objekt; tema: fritid och kultur; huvudverb: gilla; CEFR: Enkel uttrycksfras om intresse med vanligt verb.",TRUE
sv_a1_049,A1,vi,dansar,ikväll.,,,,,,1-2-3|3-2-1,,,,,,,,,,,,,,,,,"grammatik: Subjekt, verb och tid; tema: fritid; huvudverb: dansa; CEFR: Kort vardaglig plan utan komplexitet.",TRUE
sv_a1_050,A1,ha,en,riktigt,bra,dag!,,,,1-2-3-4-5,,,,,,,,,,,,,,,,,grammatik: Fast artighetsfras med imperativ och adjektivfras; tema: hälsning och artighet; huvudverb: ha; CEFR: Naturlig social avslutningsfras med mycket vanlig kommunikativ funktion.,TRUE
sv_a2_001,A2,jag,brukar träna,efter jobbet.,,,,,,1-2-3,,,,,,,,,,,,,,,,,grammatik: Frekvensuttryck och tidsfras; tema: hälsa och rutiner; huvudverb: träna; CEFR: Vardaglig rutin med något mer utvecklad tidsangivelse.,TRUE
sv_a2_002,A2,hon,ska ringa,vårdcentralen,imorgon.,,,,,1-2-3-4,,,,,,,,,,,,,,,,,grammatik: Futurum med ska och objekt; tema: hälsa; huvudverb: ringa; CEFR: Praktisk planeringsmening med vanligt samhällsord.,TRUE
sv_a2_003,A2,vi,har bokat,tvättstugan,på lördag.,,,,,1-2-3-4,,,,,,,,,,,,,,,,,grammatik: Perfekt och tidsfras; tema: hem och boende; huvudverb: boka; CEFR: Enkel erfarenhet eller plan med perfekt och konkret vardagssituation.,TRUE
sv_a2_004,A2,du,kan lämna,paketet,i,butiken.,,,,1-2-3-4-5,,,,,,,,,,,,,,,,,"grammatik: Modalverb, objekt och platsfras; tema: ärenden; huvudverb: lämna; CEFR: Praktisk ärendefras med modalverb och tydlig plats.",TRUE
sv_a2_005,A2,de,väntar,på,tåget,vid,spår två.,,,1-2-3-4-5-6|5-6-2-1-3-4,dom,,,,viid,,,,Pronounce the Swedish pronoun de as dom in this isolated segment.,,,,"Pronounce the Swedish preposition vid as /viːd/, with a long i and an audible final d.",,,,"grammatik: Verb, preposition och platsdetalj; tema: kollektivtrafik; huvudverb: vänta; CEFR: Vardaglig transportsituation med flera enkla detaljer.",TRUE
sv_a2_006,A2,jag,behöver byta,lösenord,ikväll.,,,,,1-2-3-4,,,,,,,,,,,,,,,,,grammatik: Behöver plus infinitiv och tid; tema: digitalt liv; huvudverb: byta; CEFR: Aktuell vardagssituation med enkel verbkedja.,TRUE
sv_a2_007,A2,man,får,inte,röka,här.,,,,1-2-3-4-5|5-2-1-3-4,,,,,,,,,,,,,,,,,"grammatik: Generiskt man, modalverb och negation; tema: regler; huvudverb: röka; CEFR: Kort regel med vanlig modal konstruktion och negation.",TRUE
sv_a2_008,A2,kan,ni,skicka,kvittot,på mejlen?,,,,1-2-3-4-5,,,,,,,,,,,,,,,,,grammatik: Fråga med modalverb och objekt; tema: ärenden och digitalt liv; huvudverb: skicka; CEFR: Naturlig servicefras med konkret objekt och digital kanal.,TRUE
sv_a2_009,A2,hon,har tappat,sina nycklar.,,,,,,1-2-3,,,,,,,,,,,,,,,,,grammatik: Perfekt och possessivt pronomen; tema: hem och vardagsproblem; huvudverb: tappa; CEFR: Enkel erfarenhet eller aktuellt problem i perfekt.,TRUE
sv_a2_010,A2,vi,ska äta,lunch,tillsammans.,,,,,1-2-3-4,,,,,,,,,,,,,,,,,grammatik: Ska-futurum och sättsadverb; tema: mat och social kontakt; huvudverb: äta; CEFR: Vanlig vardagsplan med enkel framtidsbetydelse.,TRUE
sv_a2_011,A2,jag,tar med,paraplyet,idag.,,,,,1-2-3-4,,,,,,,,,,,,,,,,,"grammatik: Partikelverb, objekt och tid; tema: väder; huvudverb: ta med; CEFR: Praktisk plan med vanligt partikelverb.",TRUE
sv_a2_012,A2,bussen,går,var tionde minut.,,,,,,1-2-3,,,,,,,,,,,,,,,,,"grammatik: Subjekt, verb och frekvensuttryck; tema: kollektivtrafik; huvudverb: gå; CEFR: Vardaglig information med enkel frekvensangivelse.",TRUE
sv_a2_013,A2,du,måste,fylla i,blanketten.,,,,,1-2-3-4,,,,,,,,,,,,,,,,,grammatik: Modalverb och partikelverb; tema: ärenden; huvudverb: fylla i; CEFR: Praktisk myndighets- eller servicefras med vanligt verbuttryck.,TRUE
sv_a2_014,A2,jag,letar efter,en billig,jacka.,,,,,1-2-3-4,,Leetar efter,,,,,,,,"Pronounce letar efter with a long Swedish e in letar, not as lätar.",,,,,,,"grammatik: Verbfras, obestämd nominalfras och adjektiv; tema: kläder och shopping; huvudverb: leta efter; CEFR: Vardagligt köpbehov med enkel beskrivning.",TRUE,,,
sv_a2_015,A2,vi,ställer in,mötet,på fredag.,,,,,1-2-3-4,,,,,,,,,,,,,,,,,"grammatik: Partikelverb, objekt och tid; tema: arbete; huvudverb: ställa in; CEFR: Vanlig planeringsfras med enkel tidsangivelse.",TRUE,Vi ställer in mötet på fredag.,"Pronounce ställer in as the Swedish verb phrase ställer in, with a clear r in ställer before in. Do not pronounce it as stället in."
sv_a2_016,A2,hon,plockar upp,barnen,klockan fyra.,,,,,1-2-3-4,,,,,,,,,,,,,,,,,"grammatik: Partikelverb, objekt och klockslag; tema: familj och rutiner; huvudverb: plocka upp; CEFR: Vardaglig rutin med tid och konkret objekt.",TRUE
sv_a2_017,A2,jag,har,ont,i,ryggen.,,,,1-2-3-4-5|4-5-2-1-3,,,,,,,,,,,,,,,,,grammatik: Ha-uttryck och kroppsdel; tema: hälsa; huvudverb: ha; CEFR: Mycket vanlig hälsouppgift med enkel prepositionsfras.,TRUE
sv_a2_018,A2,ska,du,följa med,ikväll?,,,,,1-2-3-4,,,,,,,,,,,,,,,,,grammatik: Ska-fråga och partikelverb; tema: fritid och social kontakt; huvudverb: följa med; CEFR: Naturlig inbjudan med enkel framtidsbetydelse.,TRUE
sv_a2_019,A2,de,brukar handla,på,nätet.,,,,,1-2-3-4,dom,,,,,,,,Pronounce the Swedish pronoun de as dom in this isolated segment.,,,,,,,,grammatik: Frekvensuttryck och platskanal; tema: digitalt liv och shopping; huvudverb: handla; CEFR: Vardaglig vana med enkel digital kontext.,TRUE
sv_a2_020,A2,jag,har skickat,bilden,till,farmor.,,,,1-2-3-4-5,,,,,,,,,,,,,,,,,"grammatik: Perfekt, objekt och mottagare; tema: digitalt liv och familj; huvudverb: skicka; CEFR: Enkel erfarenhet med mottagare och konkret objekt.",TRUE
sv_a2_021,A2,ni,kan vänta,här,en stund.,,,,,1-2-3-4,,,,,,,,,,,,,,,,,"grammatik: Modalverb, plats och tidsuttryck; tema: service och väntan; huvudverb: vänta; CEFR: Vanlig servicefras med kort tidsuttryck.",TRUE
sv_a2_022,A2,vi,behöver köpa,nytt kaffe.,,,,,,1-2-3,,,,,,,,,,,,,,,,,grammatik: Behöver plus infinitiv och adjektiv; tema: hem och mat; huvudverb: köpa; CEFR: Enkel plan eller behovsfras med vardagligt objekt.,TRUE
sv_a2_023,A2,hon,vill byta,plats,på,bussen.,,,,1-2-3-4-5,,,,,,,,,,,,,,,,,grammatik: Vill plus infinitiv och platsfras; tema: kollektivtrafik; huvudverb: byta; CEFR: Praktisk vardagssituation med enkel verbkedja.,TRUE
sv_a2_024,A2,jag,glömmer,ofta,min laddare.,,,,,1-2-3-4,,,,,,,,,,,,,,,,,grammatik: Frekvensadverbial och possessiv; tema: digitalt liv; huvudverb: glömma; CEFR: Vardaglig vana med frekvens och vanligt föremål.,TRUE
sv_a2_025,A2,det,blåser,mycket,vid,havet.,,,,1-2-3-4-5|4-5-2-1-3,,,,,,,,,,,,,,,,,"grammatik: Formellt subjekt, gradadverb och plats; tema: väder; huvudverb: blåsa; CEFR: Enkel väderbeskrivning med platsdetalj.",TRUE
sv_a2_026,A2,kan,jag,prova,den här?,,,,,1-2-3-4,,,,,,,,,,,,,,,,,grammatik: Fråga med modalverb och demonstrativt pronomen; tema: kläder och shopping; huvudverb: prova; CEFR: Mycket vanlig butiksfras med enkel struktur.,TRUE
sv_a2_027,A2,jag,betalar,räkningen,i mobilen.,,,,,1-2-3-4|4-2-1-3|3-2-1-4,,,,,,,,,,,,,,,,,"grammatik: Subjekt, verb, objekt och platskanal; tema: ekonomi och digitalt liv; huvudverb: betala; CEFR: Praktisk vardagsmening med digital ekonomi.",TRUE
sv_a2_028,A2,han,visar,legitimation,i receptionen.,,,,,1-2-3-4|4-2-1-3|3-2-1-4,,,,,,,,,,,,,,,,,"grammatik: Subjekt, verb, objekt och plats; tema: ärenden; huvudverb: visa; CEFR: Vanlig servicesituation med konkret men något mer specifikt ord.",TRUE
sv_a2_029,A2,vi,behöver vila,före resan.,,,,,,1-2-3,,,,,,,,,,,,,,,,,grammatik: Behöver plus infinitiv och tidsfras; tema: hälsa och resor; huvudverb: vila; CEFR: Enkel planering kopplad till resa och välmående.,TRUE
sv_a2_030,A2,hon,pratar,med,grannen,varje,morgon.,,,1-2-3-4-5-6|5-6-2-1-3-4,,,,,,,,,,,,,,,,,"grammatik: Verb, preposition och frekvensfras; tema: grannar och rutiner; huvudverb: prata; CEFR: Vardaglig vana med person och återkommande tid.",TRUE
sv_a2_031,A2,jag,hämtar,cykeln,efter jobbet.,,,,,1-2-3-4|4-2-1-3|3-2-1-4,,,,,,,,,,,,,,,,,"grammatik: Subjekt, verb, objekt och tidsfras; tema: transport och arbete; huvudverb: hämta; CEFR: Enkel vardagsplan med konkret objekt och tid.",TRUE
sv_a2_032,A2,de,städar,köket,på söndagar.,,,,,1-2-3-4|4-2-1-3|3-2-1-4,dom,,,,,,,,Pronounce the Swedish pronoun de as dom in this isolated segment.,,,,,,,,"grammatik: Presens, objekt och frekvens; tema: hem och rutiner; huvudverb: städa; CEFR: Vardaglig rutin med återkommande tidsangivelse.",TRUE
sv_a2_033,A2,du,får,låna,min dator.,,,,,1-2-3-4,,,,,,,,,,,,,,,,,"grammatik: Modalverb, infinitiv och possessiv; tema: digitalt liv och hjälp; huvudverb: låna; CEFR: Enkel social situation med tillåtelse.",TRUE
sv_a2_034,A2,vi,ska flytta,i september.,,,,,,1-2-3,,,,,,,,,,,,,,,,,grammatik: Ska-futurum och tidsfras; tema: boende; huvudverb: flytta; CEFR: Tydlig framtidsplan med enkel tidsangivelse.,TRUE
sv_a2_035,A2,jag,har glömt,koden,till,porten.,,,,1-2-3-4-5,,,,,,,,,,,,,,,,,"grammatik: Perfekt, objekt och till-fras; tema: boende; huvudverb: glömma; CEFR: Vanligt vardagsproblem med perfekt och konkret objekt.",TRUE
sv_a2_036,A2,hon,lägger undan,pengar,varje månad.,,,,,1-2-3-4,,,,,,,,,,,,,,,,,grammatik: Partikelverb och frekvensfras; tema: ekonomi; huvudverb: lägga undan; CEFR: Vardaglig ekonomimening med återkommande tid.,TRUE
sv_a2_037,A2,vi,sorterar,soporna,på,gården.,,,,1-2-3-4-5|4-5-2-1-3|3-2-1-4-5,,,,,,,,,,,,,,,,,"grammatik: Subjekt, verb, objekt och plats; tema: miljö och boende; huvudverb: sortera; CEFR: Konkret miljöhandling i vardaglig boendemiljö.",TRUE
sv_a2_038,A2,jag,jämför,priser,före köpet.,,,,,1-2-3-4|4-2-1-3|3-2-1-4,,,,,,,,,,,,,,,,,"grammatik: Subjekt, verb, objekt och tidsfras; tema: ekonomi och shopping; huvudverb: jämföra; CEFR: Praktisk köpstrategi med lätt abstrakt substantiv.",TRUE
sv_a2_039,A2,kan,du,ta,en bild?,,,,,1-2-3-4,,,,,,,,,,,,,,,,,grammatik: Fråga med modalverb och objekt; tema: digitalt liv; huvudverb: ta; CEFR: Vanlig kommunikativ fras med konkret handling.,TRUE
sv_a2_040,A2,vi,checkar in,på hotellet.,,,,,,1-2-3,,,,,,,,,,,,,,,,,grammatik: Partikelverb och platsfras; tema: resor; huvudverb: checka in; CEFR: Praktisk resefras med vanligt modernt verbuttryck.,TRUE
sv_a2_041,A2,hon,beställer,kaffe,utan,mjölk.,,,,1-2-3-4-5|4-5-2-1-3|3-2-1-4-5,,,,,,,,,,,,,,,,,"grammatik: Subjekt, verb, objekt och utan-fras; tema: mat och service; huvudverb: beställa; CEFR: Naturlig caféfras med enkel specificering.",TRUE
sv_a2_042,A2,de,går av,vid,nästa hållplats.,,,,,1-2-3-4,dom,,,,,,,,Pronounce the Swedish pronoun de as dom in this isolated segment.,,,,,,,,grammatik: Partikelverb och platsfras; tema: kollektivtrafik; huvudverb: gå av; CEFR: Praktisk transportfras med vanligt partikelverb.,TRUE
sv_a2_043,A2,jag,väntar gärna,utanför huset.,,,,,,1-2-3,,,,,,,,,,,,,,,,,grammatik: Sättsadverb och platsfras; tema: social kontakt; huvudverb: vänta; CEFR: Vardaglig överenskommelse med artigt adverb.,TRUE
sv_a2_044,A2,du,kan,svara,senare.,,,,,1-2-3-4|2-1-3-4,,,,,,,,,,,,,,,,,grammatik: Modalverb och tidsadverb; tema: kommunikation; huvudverb: svara; CEFR: Kort kommunikativ fras med enkel tidsmarkering.,TRUE,,,Du kan svara senare.|Kan du svara senare?
sv_a2_045,A2,vi,planerar,en enkel middag.,,,,,,1-2-3|3-2-1,,,,,,,,,,,,,,,,,"grammatik: Subjekt, verb och adjektivfras; tema: mat och socialt liv; huvudverb: planera; CEFR: Enkel planeringsmening med beskrivande nominalfras.",TRUE
sv_a2_046,A2,hon,behöver,lugn och ro.,,,,,,1-2-3|3-2-1,,,,,,,,,,,,,,,,,grammatik: Verb och samordnat objekt; tema: hälsa och känsla; huvudverb: behöva; CEFR: Naturlig vardagsfras om behov och välmående.,TRUE
sv_a2_047,A2,jag,saknar,mina vänner.,,,,,,1-2-3,,,,,,,,,,,,,,,,,"grammatik: Subjekt, verb och possessivt pronomen; tema: relationer; huvudverb: sakna; CEFR: Enkel känslofras med vanligt vardagsordförråd.",TRUE
sv_a2_048,A2,man,måste visa,biljetten,ombord.,,,,,1-2-3-4,,,,,,,,,,,,,,,,,grammatik: Generiskt man och modalverb; tema: resor; huvudverb: visa; CEFR: Praktisk regel- eller resefras med tydligt objekt.,TRUE
sv_a2_049,A2,ni,kan boka,tiden,online.,,,,,1-2-3-4,,,,,,,,,,,,,,,,,"grammatik: Modalverb, objekt och digitalt adverb; tema: digitalt liv och ärenden; huvudverb: boka; CEFR: Vanlig bokningsfras med modern vardagskontext.",TRUE
sv_a2_050,A2,vi,tar,tåget,hem,i,kväll.,,,1-2-3-4-5-6|5-6-2-1-3-4|3-4-2-1-5-6,,,,,,,,,,,,,,,,,"grammatik: Subjekt, verb, objekt och tid; tema: resor; huvudverb: ta; CEFR: Enkel plan med riktning och tidsangivelse.",TRUE
sv_b1_001,B1,jag,bytte,bank,eftersom,avgiften,var,för hög.,,1-2-3-4-5-6-7|4-5-6-7-2-1-3,,,,,,,,,,,,,,,,,grammatik: Huvudsats med orsaksbisats; tema: ekonomi; huvudverb: byta; CEFR: Uttrycker orsak och vardagligt beslut med något mer abstrakt ord.,TRUE
sv_b1_002,B1,hon,tackade nej,när,arbetstiden,ändrades.,,,,1-2-3-4-5,,,,,,,,,,,,,,,,,grammatik: Huvudsats med tidsbisats; tema: arbete; huvudverb: tacka nej; CEFR: Beskriver socialt beslut kopplat till förändring i vardagen.,TRUE
sv_b1_003,B1,vi,valde,cykeln,för att,vädret,var,bättre.,,1-2-3-4-5-6-7|4-5-6-7-2-1-3,,,,,,,,,,,,,,,,,"grammatik: Orsaksuttryck med för att; tema: transport och väder; huvudverb: välja; CEFR: Kombinerar val, orsak och vardaglig kontrast.",TRUE
sv_b1_004,B1,de,löste,problemet,genom att,prata,med,chefen.,,1-2-3-4-5-6-7|4-5-6-7-2-1-3,dom,,,,,,,,Pronounce the Swedish pronoun de as dom in this isolated segment.,,,,,,,,grammatik: Lösning med genom att; tema: arbete; huvudverb: lösa; CEFR: Vardagligt problem och lösning med mer sammanhängande struktur.,TRUE
sv_b1_005,B1,du,borde jämföra,priser,innan du,köper,försäkring.,,,1-2-3-4-5-6,,,,,,,,,,,,,,,,,grammatik: Råd med modalverb och tidsbisats; tema: ekonomi; huvudverb: jämföra; CEFR: Ger råd och innehåller enkel bisats med praktiskt ämne.,TRUE
sv_b1_006,B1,jag,missade,mötet,eftersom mobilen,var avstängd.,,,,1-2-3-4-5|4-5-2-1-3,,,,,,,,,,,,,,,,,grammatik: Orsaksbisats och perfektiv händelse; tema: arbete och digitalt liv; huvudverb: missa; CEFR: Beskriver ett vardagsproblem med tydlig orsak.,TRUE
sv_b1_007,B1,ni,kan lämna,förslag,om planen,känns,otydlig.,,,1-2-3-4-5-6,,,,,,,,,,,,,,,,,"grammatik: Villkorsbisats och modalverb; tema: arbete och planering; huvudverb: lämna; CEFR: Uttrycker möjlighet, förslag och enkel villkorsrelation.",TRUE
sv_b1_008,B1,hon,blev,orolig,när sonen,inte svarade.,,,,1-2-3-4-5|4-5-2-1-3,,,,,,,,,,,,,,,,,grammatik: Tidsbisats och negation; tema: relationer; huvudverb: bli; CEFR: Känsloreaktion kopplad till händelse i en naturlig vardagssituation.,TRUE
sv_b1_009,B1,vi,sparar,pengar,så att,resan,blir,möjlig.,,1-2-3-4-5-6-7|4-5-6-7-2-1-3,,,,,,,,,,,,,,,,,grammatik: Syftesbisats och adjektiv; tema: ekonomi och resor; huvudverb: spara; CEFR: Uttrycker mål och möjlighet med vardagligt abstrakt innehåll.,TRUE
sv_b1_010,B1,de,erbjuder,hjälp,till den som är ny.,,,,,1-2-3-4|4-2-1-3,dom,,,,,,,,Pronounce the Swedish pronoun de as dom in this isolated segment.,,,,,,,,grammatik: Relativt uttryck och indirekt mottagare; tema: samhälle och stöd; huvudverb: erbjuda; CEFR: Naturlig social mening med enkel generalisering.,TRUE
sv_b1_011,B1,jag,tog ansvar,när projektet,fastnade.,,,,,1-2-3-4,,,,,,,,,,,,,,,,,grammatik: Fast uttryck och tidsbisats; tema: arbete; huvudverb: ta ansvar; CEFR: Vardagligt abstrakt uttryck kopplat till problem.,TRUE
sv_b1_012,B1,hon,föreslog,en paus,eftersom alla,var,trötta.,,,1-2-3-4-5-6|4-5-6-2-1-3|3-2-1-4-5-6,,,,,,,,,,,,,,,,,grammatik: Orsaksbisats och objekt; tema: arbete och hälsa; huvudverb: föreslå; CEFR: Ger orsak till ett enkelt förslag i social situation.,TRUE
sv_b1_013,B1,vi,behöver,en lösning,som fungerar,i,vardagen.,,,1-2-3-4-5-6|5-6-2-1-3-4,,,,,,,,,,,,,,,,,grammatik: Relativ bisats och abstrakt substantiv; tema: vardagsproblem; huvudverb: behöva; CEFR: Använder vardagligt abstrakt ord och enkel relativbisats.,TRUE
sv_b1_014,B1,du,kan spara,tid,om du,förbereder,listan.,,,1-2-3-4-5-6,,,,,,,,,,,,,,,,,grammatik: Villkorsbisats och modalverb; tema: planering; huvudverb: spara; CEFR: Kopplar handling och resultat på tydlig B1-nivå.,TRUE
sv_b1_015,B1,de,flyttade,mötet,eftersom lokalen,var,upptagen.,,,1-2-3-4-5-6|4-5-6-2-1-3,dom,,,,,,,,Pronounce the Swedish pronoun de as dom in this isolated segment.,,,,,,,,grammatik: Orsaksbisats och tidsändring; tema: arbete och ärenden; huvudverb: flytta; CEFR: Naturlig planeringsmening med tydlig orsak.,TRUE
sv_b1_016,B1,jag,uppskattar,när någon,säger till,i tid.,,,,1-2-3-4-5,,,,,,,,,,,,,,,,,grammatik: Bisats med när och partikelverb; tema: kommunikation; huvudverb: uppskatta; CEFR: Uttrycker värdering och social norm på vardaglig nivå.,TRUE
sv_b1_017,B1,hon,undviker,bilen,när trafiken,är,tät.,,,1-2-3-4-5-6|4-5-6-2-1-3,,,,,,,,,,,,,,,,,grammatik: Tidsbisats och adjektiv; tema: transport och miljö; huvudverb: undvika; CEFR: Vardagligt val med orsakande omständighet.,TRUE
sv_b1_018,B1,vi,diskuterade,budgeten,innan beslutet,blev,klart.,,,1-2-3-4-5-6|4-5-6-2-1-3,,,,,,,,,,,,,,,,,grammatik: Tidsbisats och abstrakt substantiv; tema: ekonomi och arbete; huvudverb: diskutera; CEFR: Beskriver process före beslut med vanligt abstrakt ord.,TRUE
sv_b1_019,B1,ni,behöver prioritera,hälsan,även när,det,är,stressigt.,,1-2-3-4-5-6-7,,,,,,,,,,,,,,,,,grammatik: Behöver plus infinitiv och bisats; tema: hälsa och arbete; huvudverb: prioritera; CEFR: Uttrycker råd och kontrast i vardaglig arbets- eller livssituation.,TRUE
sv_b1_020,B1,man,märker,skillnaden,när ljudet,blir,tystare.,,,1-2-3-4-5-6|4-5-6-2-1-3,,,,,,,,,,,,,,,,,grammatik: Generiskt man och tidsbisats; tema: hem och miljö; huvudverb: märka; CEFR: Vardaglig observation med jämförande adjektiv.,TRUE
sv_b1_021,B1,jag,kontaktade,hyresvärden,eftersom värmen,inte fungerade.,,,,1-2-3-4-5|4-5-2-1-3,,,,,,,,,,,,,,,,,grammatik: Orsaksbisats med negation; tema: boende; huvudverb: kontakta; CEFR: Beskriver praktiskt problem och åtgärd i boendemiljö.,TRUE
sv_b1_022,B1,hon,accepterade,erbjudandet,trots att lönen,var,låg.,,,1-2-3-4-5-6|4-5-6-2-1-3,,,,,,,,,,,,,,,,,grammatik: Koncessiv bisats med trots att; tema: arbete och ekonomi; huvudverb: acceptera; CEFR: Uttrycker enkel kontrast mellan nackdel och beslut.,TRUE
sv_b1_023,B1,vi,ändrade,rutinen,så att morgonen,blev,lugnare.,,,1-2-3-4-5-6|4-5-6-2-1-3,,,,,,,,,,,,,,,,,grammatik: Resultatbisats och jämförelse; tema: hem och rutiner; huvudverb: ändra; CEFR: Kopplar förändring till resultat med vardagligt abstrakt ord.,TRUE
sv_b1_024,B1,de,hämtade,paketet,när butiken,öppnade,igen.,,,1-2-3-4-5-6|4-5-6-2-1-3|3-2-1-4-5-6,dom,,,,,,,,Pronounce the Swedish pronoun de as dom in this isolated segment.,,,,,,,,grammatik: Tidsbisats och partikeladverb; tema: ärenden; huvudverb: hämta; CEFR: Vardaglig händelse med tidsrelation och konkret objekt.,TRUE
sv_b1_025,B1,jag,rekommenderar,filmen,eftersom skådespeleriet,känns,äkta.,,,1-2-3-4-5-6|4-5-6-2-1-3,,,,,,,,,,,,,,,,,grammatik: Orsaksbisats och värderande adjektiv; tema: kultur; huvudverb: rekommendera; CEFR: Uttrycker enkel åsikt med motivering om kultur.,TRUE
sv_b1_026,B1,hon,oroar sig,för kostnaden,efter reparationen.,,,,,1-2-3-4,,,,,,,,,,,,,,,,,grammatik: Reflexivt verb och tidsfras; tema: ekonomi och vardagsproblem; huvudverb: oroa sig; CEFR: Vardaglig känsla kopplad till ekonomiskt problem.,TRUE
sv_b1_027,B1,vi,jämförde,alternativen,innan vi,bestämde oss.,,,,1-2-3-4-5|4-5-2-1-3,,,,,,,,,,,,,,,,,grammatik: Tidsbisats och reflexivt verb; tema: beslut och planering; huvudverb: jämföra; CEFR: Beskriver en enkel beslutsprocess med abstrakta alternativ.,TRUE
sv_b1_028,B1,du,får gärna,fråga,om instruktionen,är,oklar.,,,1-2-3-4-5-6,,,,,,,,,,,,,,,,,grammatik: Artigt tillstånd och villkorsbisats; tema: kommunikation och arbete; huvudverb: fråga; CEFR: Naturlig uppmaning med villkor och vardagligt abstrakt ord.,TRUE
sv_b1_029,B1,de,planerar,festen,medan barnen,sover.,,,,1-2-3-4-5|4-5-2-1-3,dom,,,,,,,,Pronounce the Swedish pronoun de as dom in this isolated segment.,,,,,,,,grammatik: Samtidighetsbisats; tema: familj och fritid; huvudverb: planera; CEFR: Sammanbinder två vardagliga handlingar i enkel bisatsstruktur.,TRUE
sv_b1_030,B1,jag,lärde mig,mycket,när jag,arbetade,extra.,,,1-2-3-4-5-6,,,,,,,,,,,,,,,,,grammatik: Reflexivt verb och tidsbisats; tema: arbete och erfarenhet; huvudverb: lära sig; CEFR: Uttrycker erfarenhet och utveckling med vanlig B1-struktur.,TRUE
sv_b1_031,B1,hon,påminde,gruppen,om,den nya tiden.,,,,1-2-3-4-5|4-5-2-1-3|3-2-1-4-5,,,,,,,,,,,,,,,,,grammatik: Verb med indirekt objekt och preposition; tema: arbete och planering; huvudverb: påminna; CEFR: Vardaglig kommunikationshandling med tydlig mottagare.,TRUE
sv_b1_032,B1,vi,delar,ansvaret,så att ingen,blir,ensam.,,,1-2-3-4-5-6|4-5-6-2-1-3,,,,,,,,,,,,,,,,,grammatik: Syftesbisats och abstrakt substantiv; tema: relationer och ansvar; huvudverb: dela; CEFR: Uttrycker socialt ansvar och resultat på B1-nivå.,TRUE
sv_b1_033,B1,många,väljer,tåget,när bensinen,blir,dyrare.,,,1-2-3-4-5-6|4-5-6-2-1-3,,,,,,,,,,,,,,,,,grammatik: Generellt subjekt och tidsbisats; tema: transport och ekonomi; huvudverb: välja; CEFR: Kopplar vardagsval till ekonomisk förändring.,TRUE
sv_b1_034,B1,jag,försöker,lyssna,även när,jag inte,håller med.,,,1-2-3-4-5-6|4-5-6-2-1-3,,,,,,,,,,,,,,,,,grammatik: Bisats med kontrast och negation; tema: relationer och kommunikation; huvudverb: försöka lyssna; CEFR: Uttrycker social strategi med enkel kontrast.,TRUE
sv_b1_035,B1,hon,skrev,ett klagomål,eftersom leveransen,var,sen.,,,1-2-3-4-5-6|4-5-6-2-1-3|3-2-1-4-5-6,,,,,,,,,,,,,,,,,grammatik: Orsaksbisats och abstrakt objekt; tema: konsumentärenden; huvudverb: skriva; CEFR: Vardaglig servicesituation med orsak och problem.,TRUE
sv_b1_036,B1,vi,hittar,ofta,bättre lösningar,tillsammans.,,,,1-2-3-4-5|5-2-1-3-4,,,,,,,,,,,,,,,,,grammatik: Frekvensadverbial och jämförelse; tema: samarbete; huvudverb: hitta; CEFR: Vardagligt abstrakt innehåll utan tung komplexitet.,TRUE
sv_b1_037,B1,de,minskade,matsvinnet,genom att,planera,inköpen.,,,1-2-3-4-5-6|4-5-6-2-1-3,dom,,,,,,,,Pronounce the Swedish pronoun de as dom in this isolated segment.,,,,,,,,grammatik: Medel med genom att; tema: miljö och mat; huvudverb: minska; CEFR: Kopplar konkret miljöhandling till planering.,TRUE
sv_b1_038,B1,du,verkar,lugnare,när du får,tydlig information.,,,,1-2-3-4-5|4-5-2-1-3,,,,,,,,,,,,,,,,,grammatik: Tidsbisats och jämförande adjektiv; tema: hälsa och kommunikation; huvudverb: verka; CEFR: Uttrycker samband mellan information och känsla.,TRUE
sv_b1_039,B1,jag,bokade om,tiden,eftersom schemat,ändrades.,,,,1-2-3-4-5,,,,,,,,,,,,,,,,,grammatik: Partikelverb och orsaksbisats; tema: planering och ärenden; huvudverb: boka om; CEFR: Naturlig omplanering med tydlig orsak.,TRUE
sv_b1_040,B1,hon,tog med,laddaren,för säkerhets skull.,,,,,1-2-3-4,,,,,,,,,,,,,,,,,grammatik: Partikelverb och fast uttryck; tema: digitalt liv och resor; huvudverb: ta med; CEFR: Vardaglig strategi med idiomatiskt men tydligt uttryck.,TRUE
sv_b2_001,B2,jag,föredrar,kortare möten,eftersom,besluten,ofta blir,tydligare,då.,1-2-3-4-5-6-7-8|4-5-6-7-8-2-1-3,,,,,,,,,,,,,,,,,grammatik: Orsaksbisats och jämförelse; tema: arbete och beslut; huvudverb: föredra; CEFR: Nyanserad preferens med motivering och abstrakt substantiv.,TRUE
sv_b2_002,B2,hon,ifrågasätter,"förslaget,",men hon,avfärdar,det,inte helt.,,1-2-3-4-5-6-7,,,,,,,,,,,,,,,,,"grammatik: Samordning med kontrast och negation; tema: arbete och åsikter; huvudverb: ifrågasätta; CEFR: Uttrycker reservation utan total avvisning, typiskt B2.",TRUE
sv_b2_003,B2,vi,måste väga,kostnaden,mot nyttan,innan vi,går vidare.,,,1-2-3-4-5-6,,,,,,,,,,,,,,,,,"grammatik: Modalverb, jämförelse och tidsbisats; tema: ekonomi och planering; huvudverb: väga; CEFR: Abstrakt avvägning med tydlig beslutsstruktur.",TRUE
sv_b2_004,B2,de,prioriterar,tillgänglighet,även om,lösningen,blir,dyrare.,,1-2-3-4-5-6-7|4-5-6-7-2-1-3,dom,,,,,,,,Pronounce the Swedish pronoun de as dom in this isolated segment.,,,,,,,,grammatik: Koncessiv bisats och jämförelse; tema: samhälle och service; huvudverb: prioritera; CEFR: Uttrycker värdering och konsekvens med abstrakt ordförråd.,TRUE
sv_b2_005,B2,man,kan se,förändringen,som,"en möjlighet,",inte bara,som,ett problem.,1-2-3-4-5-6-7-8,,,,,,,,,,,,,,,,,grammatik: Perspektivmarkering och kontrast; tema: förändring och arbete; huvudverb: se; CEFR: Nyanserar en situation med kontrasterande tolkningar.,TRUE
sv_b2_006,B2,jag,uppskattar,"flexibiliteten,",men gränserna,behöver bli,tydligare.,,,1-2-3-4-5-6,,,,,,,,,,,,,,,,,grammatik: Samordning med reservation; tema: arbete och vardagsbalans; huvudverb: uppskatta; CEFR: Balanserar positiv bedömning med förbättringsbehov.,TRUE
sv_b2_007,B2,hon,tar,kritiken,på allvar,utan att,tappa,självförtroendet.,,1-2-3-4-5-6-7|5-6-7-2-1-3-4,,,,,,,,,,,,,,,,,grammatik: Fast uttryck och utan att; tema: relationer och utveckling; huvudverb: ta på allvar; CEFR: Idiomatisk men tydlig mening om reaktion och självkontroll.,TRUE
sv_b2_008,B2,vi,bör skjuta upp,beslutet,tills underlaget,är,mer komplett.,,,1-2-3-4-5-6,,,,,,,,,,,,,,,,,"grammatik: Modalverb, partikelverb och tidsbisats; tema: arbete och beslut; huvudverb: skjuta upp; CEFR: Formulerar ett försiktigt beslut med orsak i underlagets kvalitet.",TRUE
sv_b2_009,B2,de,minskade,utsläppen,genom att,samordna,transporterna,bättre.,,1-2-3-4-5-6-7|4-5-6-7-2-1-3,dom,,,,,,,,Pronounce the Swedish pronoun de as dom in this isolated segment.,,,,,,,,grammatik: Medel med genom att och jämförelse; tema: miljö och transport; huvudverb: minska; CEFR: Kopplar åtgärd till miljöeffekt med mer abstrakt språk.,TRUE
sv_b2_010,B2,jag,är tveksam,till planen,eftersom tidsramen,känns,orealistisk.,,,1-2-3-4-5-6,,,,,,,,,,,,,,,,,grammatik: Ställningstagande med orsaksbisats; tema: arbete och planering; huvudverb: vara tveksam; CEFR: Uttrycker nyanserad kritik med konkret motivering.,TRUE
sv_b2_011,B2,hon,jämför,resultaten,med,tidigare mätningar,för att,se,trenden.,1-2-3-4-5-6-7-8|6-7-8-2-1-3-4-5,hon,,,,,,,,"Pronounce the Swedish pronoun hon exactly as IPA /huːn/: long close rounded vowel, audible final n. Do not pronounce it as /hɔn/ or with an å-like vowel.",,,,,,,,grammatik: Jämförelse och syftesfras; tema: analys och arbete; huvudverb: jämföra; CEFR: Beskriver analytisk handling med tydligt syfte.,TRUE
sv_b2_012,B2,vi,behöver skapa,rutiner,som fungerar,även när,tempot,ökar.,,1-2-3-4-5-6-7,,,,,,,,,,,,,,,,,grammatik: Relativ bisats och kontrastiv tidsbisats; tema: arbete och organisation; huvudverb: skapa; CEFR: Mer komplex struktur med hållbarhet över olika situationer.,TRUE
sv_b2_013,B2,de,lyfter fram,riskerna,utan att,låta,alarmistiska.,,,1-2-3-4-5-6,dom,,,,,,,,Pronounce the Swedish pronoun de as dom in this isolated segment.,,,,,,,,grammatik: Partikelverb och utan att; tema: samhälle och kommunikation; huvudverb: lyfta fram; CEFR: Nyanserar kommunikation mellan saklighet och överdrift.,TRUE
sv_b2_014,B2,jag,håller med,"i princip,",men detaljerna,måste,justeras.,,,1-2-3-4-5-6,,,,,,,,,,,,,,,,,grammatik: Idiomatisk reservation och passiv; tema: åsikter och beslut; huvudverb: hålla med; CEFR: Naturlig B2-fras för delvis samtycke och krav på ändring.,TRUE
sv_b2_015,B2,hon,förklarar,skillnaden,så tydligt,att,alla,kan följa,resonemanget.,1-2-3-4-5-6-7-8|4-5-6-7-8-2-1-3|3-2-1-4-5-6-7-8,,,,,,,,,,,,,,,,,grammatik: Graduttryck med att-bisats; tema: kommunikation och lärande; huvudverb: förklara; CEFR: Uttrycker resultat av tydlig kommunikation med abstrakt objekt.,TRUE
sv_b2_016,B2,vi,ser,"en förbättring,",även om,utvecklingen,går,långsamt.,,1-2-3-4-5-6-7,,sér,,,,,,,,"Pronounce the Swedish verb ser clearly as [seːr], with a long closed e and an audible final r.",,,,,,,grammatik: Koncessiv bisats och abstrakt substantiv; tema: förändring och arbete; huvudverb: se; CEFR: Balanserar positiv utveckling med tydlig reservation.,TRUE
sv_b2_017,B2,de,avstår från,kampanjen,eftersom budskapet,kan missförstås.,,,,1-2-3-4-5,dom,,,,,,,,Pronounce the Swedish pronoun de as dom in this isolated segment.,,,,,,,,grammatik: Orsaksbisats och passiv modalform; tema: kommunikation och samhälle; huvudverb: avstå; CEFR: Uttrycker riskbedömning och konsekvens på tydlig B2-nivå.,TRUE
sv_b2_018,B2,jag,vill hellre,förebygga problemen,än reparera,skadorna,senare.,,,1-2-3-4-5-6,,,,,,,,,,,,,,,,,grammatik: Jämförande preferens med hellre än; tema: hälsa och planering; huvudverb: förebygga; CEFR: Uttrycker prioritering mellan förebyggande och reaktiv handling.,TRUE
sv_b2_019,B2,hon,anpassar,tonen,"efter situationen,",vilket,gör,samtalet,lättare.,1-2-3-4-5-6-7-8,,,,,,,,,,,,,,,,,grammatik: Relativ sats med vilket och konsekvens; tema: kommunikation och relationer; huvudverb: anpassa; CEFR: Visar samband mellan språkligt val och social effekt.,TRUE
sv_b2_020,B2,vi,kan behålla,kvaliteten,om vi,förenklar,processen.,,,1-2-3-4-5-6,,,,,,,,,,,,,,,,,grammatik: Villkorsbisats och abstrakta substantiv; tema: arbete och kvalitet; huvudverb: behålla; CEFR: Uttrycker villkor för resultat med arbetsrelaterat ordförråd.,TRUE
sv_b2_021,B2,de,betonar,"ansvar,",men de,erbjuder också,praktiskt stöd.,,,1-2-3-4-5-6,dom,,,men dom,,,,,Pronounce the Swedish pronoun de as dom in this isolated segment.,,,Pronounce the Swedish pronoun de as dom in this isolated segment.,,,,,grammatik: Samordning med kontrast och tillägg; tema: samhälle och stöd; huvudverb: betona; CEFR: Nyanserar en ståndpunkt genom både krav och stöd.,TRUE
sv_b2_022,B2,jag,uppfattar,kommentaren,"som saklig,",även om,den,låter,hård.,1-2-3-4-5-6-7-8,,,,,,,,,,,,,,,,,grammatik: Värdering med koncessiv bisats; tema: kommunikation och relationer; huvudverb: uppfatta; CEFR: Uttrycker tolkning och reservation i socialt sammanhang.,TRUE
sv_b2_023,B2,hon,vill förankra,beslutet,innan förändringen,genomförs.,,,,1-2-3-4-5,,,,,,,,,,,,,,,,,"grammatik: Modal vilja, tidsbisats och passiv; tema: arbete och förändring; huvudverb: förankra; CEFR: Mer abstrakt arbetsfras med process och genomförande.",TRUE
sv_b2_024,B2,vi,riskerar,att tappa tempo,om kommunikationen,blir,otydlig.,,,1-2-3-4-5-6|4-5-6-2-1-3,,,,,,,,,,,,,,,,,grammatik: Riskuttryck och villkorsbisats; tema: arbete och kommunikation; huvudverb: riskera; CEFR: Uttrycker möjlig negativ konsekvens av bristande tydlighet.,TRUE
sv_b2_025,B2,man,bör ta hänsyn,till både,miljö,och,ekonomi.,,,1-2-3-4-5-6,,,,,,,,,,,,,,,,,grammatik: Generiskt man och fast uttryck; tema: miljö och ekonomi; huvudverb: ta hänsyn; CEFR: Använder idiomatiskt uttryck och balanserar två abstrakta hänsyn.,TRUE
sv_b2_026,B2,jag,ser,"poängen,",men jag,saknar,ett konkret exempel.,,,1-2-3-4-5-6,,,,,,,,,,,,,,,,,grammatik: Samordning med kontrast; tema: kommunikation och argumentation; huvudverb: se; CEFR: Naturligt uttryck för delvis förståelse och behov av konkretisering.,TRUE
sv_b2_027,B2,hon,framhåller,samarbetet,som en avgörande,framgångsfaktor.,,,,1-2-3-4-5,,,,,,,,,,,,,,,,,grammatik: Värderande konstruktion med som; tema: arbete och samarbete; huvudverb: framhålla; CEFR: Abstrakt men tydlig mening om prioritering och värde.,TRUE
sv_b2_028,B2,vi,behöver fördela,resurserna,mer rättvist,nästa termin.,,,,1-2-3-4-5,,,,,,,,,,,,,,,,,grammatik: Behöver plus infinitiv och gradadverb; tema: samhälle och utbildning; huvudverb: fördela; CEFR: Uttrycker förbättringsbehov med abstrakt resursord.,TRUE
sv_b2_029,B2,de,granskar,avtalet,noggrant,innan de,skriver under.,,,1-2-3-4-5-6|5-6-2-1-3-4,dom,,,,innan dom,,,,Pronounce the Swedish pronoun de as dom in this isolated segment.,,,,Pronounce the Swedish pronoun de as dom in this isolated segment.,,,,grammatik: Tidsbisats och partikelverb; tema: arbete och juridik; huvudverb: granska; CEFR: Vardagligt avancerad situation med ansvar och ordningsföljd.,TRUE
sv_b2_030,B2,jag,tolkar,tystnaden,som osäkerhet,snarare än,motstånd.,,,1-2-3-4-5-6,,,,,,,,,,,,,,,,,grammatik: Tolkning och jämförande uttryck; tema: relationer och kommunikation; huvudverb: tolka; CEFR: Nyanserar social signal med alternativ förklaring.,TRUE
sv_b2_031,B2,hon,försvarar,"idén,",men hon,erkänner,svagheterna.,,,1-2-3-4-5-6,,,,,,,,,,,,,,,,,grammatik: Samordning med kontrast; tema: åsikter och arbete; huvudverb: försvara; CEFR: Balanserar stöd med erkännande av brister.,TRUE
sv_b2_032,B2,vi,kan vinna,förtroende,genom att,vara,mer transparenta.,,,1-2-3-4-5-6,,,,,,,,,,,,,,,,,grammatik: Modalverb och medel med genom att; tema: samhälle och kommunikation; huvudverb: vinna; CEFR: Uttrycker strategiskt samband mellan handling och social effekt.,TRUE
sv_b2_033,B2,de,undersöker,alternativen,innan,de,binder sig,vid,ett system.,1-2-3-4-5-6-7-8|4-5-6-7-8-2-1-3,dom,,,,dom,,,,Pronounce the Swedish pronoun de as dom in this isolated segment.,,,,Pronounce the Swedish pronoun de as dom in this isolated segment.,,,,grammatik: Tidsbisats och reflexivt uttryck; tema: digitalt liv och beslut; huvudverb: undersöka; CEFR: Beskriver försiktig beslutsprocess med idiomatisk konstruktion.,TRUE
sv_b2_034,B2,jag,skulle acceptera,förslaget,om ansvarsfördelningen,blev,tydligare.,,,1-2-3-4-5-6,,,,,,,,,,,,,,,,,grammatik: Konditionalis och villkorsbisats; tema: arbete och ansvar; huvudverb: acceptera; CEFR: Uttrycker hypotetiskt ställningstagande med abstrakt villkor.,TRUE
sv_b2_035,B2,hon,nyanserar,debatten,genom att,skilja,på,fakta,och värderingar.,1-2-3-4-5-6-7-8|4-5-6-7-8-2-1-3,,,,,,,,,,,,,,,,,grammatik: Medel med genom att och abstrakta substantiv; tema: samhälle och kultur; huvudverb: nyansera; CEFR: Avancerar argumentation utan tung akademisk stil.,TRUE
sv_b2_036,B2,vi,behöver minska,väntetiderna,utan att,försämra,bemötandet.,,,1-2-3-4-5-6,,,,,,,,,,,,,,,,,grammatik: Utan att och konsekvensbalans; tema: service och vård; huvudverb: minska; CEFR: Uttrycker effektivisering med kvalitetsreservation.,TRUE
sv_b2_037,B2,de,ser,vinsten,som långsiktig,snarare än,omedelbar.,,,1-2-3-4-5-6,dom,,,,,,,,Pronounce the Swedish pronoun de as dom in this isolated segment.,,,,,,,,grammatik: Tolkning och jämförande kontrast; tema: ekonomi och strategi; huvudverb: se; CEFR: Nyanserar värde över tid med abstrakt ordval.,TRUE
sv_b2_038,B2,jag,uppskattar,"initiativet,",även om,genomförandet,lämnar,frågor.,,1-2-3-4-5-6-7,,,,,,,,,,,,,,,,,grammatik: Koncessiv bisats och abstrakta substantiv; tema: arbete och förändring; huvudverb: uppskatta; CEFR: Ger positiv bedömning med tydlig reservation.,TRUE
sv_b2_039,B2,hon,förespråkar,dialog,när konflikterna,blir låsta.,,,,1-2-3-4-5|4-5-2-1-3,,,,,,,,,,,,,,,,,grammatik: Tidsbisats och abstrakt konfliktord; tema: relationer och samhälle; huvudverb: förespråka; CEFR: Uttrycker princip och strategi i socialt spända situationer.,TRUE
sv_b2_040,B2,vi,bör följa upp,beslutet,innan effekterna,blir permanenta.,,,,1-2-3-4-5,,,,,,,,,,,,,,,,,"grammatik: Modalverb, partikelverb och tidsbisats; tema: arbete och konsekvenser; huvudverb: följa upp; CEFR: Uttrycker ansvarstagande och konsekvensmedveten planering.",TRUE
